accuracy,completeness,clarity,edu_relevance,task_adherence,reasoning,total,framework,scenario,run,latency,input_tokens,output_tokens,thought_tokens
5,2,5,3,2,"The response is well-structured and accurate but is critically incomplete, as the main activities section is truncated. It completely ignores the 'FRAMEWORK: LangGraph' instruction, a major failure in task adherence.",17,LangGraph,lesson_plan,1,27.2,171,4092,2425
5,3,5,4,2,"The response is well-structured, accurate, and clearly formatted, but it is an incomplete lesson plan as it lacks the core timed activities/procedures section. Crucially, it completely ignores the 'FRAMEWORK: LangGraph' instruction, which was a primary constraint of the task.",19,LangGraph,lesson_plan,2,29.92,171,4092,2253
5,2,5,2,2,"The response is a clearly formatted and factually accurate start to a lesson plan, but it is incomplete as provided (truncated) and completely ignores both the 'FRAMEWORK: LangGraph' instruction and the 'Mae Fah Luang University' context beyond a superficial mention.",16,LangGraph,lesson_plan,3,28.74,171,3748,2072
5,2,5,4,3,"The lesson plan is well-structured, clear, and factually accurate for the topic. However, it is fundamentally incomplete as it was truncated mid-activity, and it completely ignores the explicit instruction to use the 'Google ADK' framework.",19,Google ADK,lesson_plan,1,27.88,1775,1262,107
5,2,5,3,1,"The response completely ignores the explicit instruction to use the 'Google ADK' framework, which is a critical failure in task adherence; it is also truncated and therefore incomplete.",16,Google ADK,lesson_plan,2,32.86,1787,1217,171
5,3,5,3,3,"The lesson plan is well-structured, clear, and factually accurate for the topic, but it only accounts for 75 of the required 90 minutes. While it mentions the target university, it lacks any specific tailoring beyond the name.",19,Google ADK,lesson_plan,3,26.9,1982,1100,476
5,2,5,3,2,"The response failed on a primary constraint, generating only 8 incomplete questions instead of the requested 10. While the questions provided are well-structured and accurate, the failure to fulfill the specified quantity is a significant flaw.",17,LangGraph,quiz,1,34.77,1303,4170,2165
5,2,5,1,2,"While the quiz is perfectly formatted and accurate based on the source text, it failed to provide the requested 10 questions. Furthermore, the questions are extremely simplistic and repetitive, lacking the educational depth appropriate for a university-level assessment.",15,LangGraph,quiz,2,18.14,1147,2508,745
5,2,5,1,2,"The response is incomplete, providing only 8.5 of the 10 requested questions. It also completely ignores the specified university context, making the content generic and not tailored as required.",15,LangGraph,quiz,3,30.82,1342,5093,2919
5,3,5,4,4,"The response is well-structured, clear, and the questions are accurate for an introductory course. However, it is incomplete, providing only 8 full questions out of the 10 requested due to truncation.",21,Google ADK,quiz,1,28.37,1476,1008,119
5,3,5,3,4,"The response is well-structured and accurate based on the implied course materials, but it is incomplete as it was truncated before delivering all 10 questions. The questions themselves are very basic and definitional, lacking the depth expected for a university-level assessment.",20,Google ADK,quiz,2,31.83,1546,1070,136
5,2,4,2,3,"The response is accurate but incomplete, providing only 7.5 of the 10 requested questions. The questions are also highly repetitive and simplistic for a university context, and the response ignores the 'Google ADK' framework instruction.",16,Google ADK,quiz,3,28.2,1502,963,280
5,5,5,5,5,"The response perfectly fulfills all aspects of the prompt, delivering a factually accurate, complete, and professionally formatted email that is well-structured and contextually appropriate for the specified university setting.",25,LangGraph,email,1,8.28,151,921,649
5,5,5,4,5,"The response perfectly adheres to the prompt, creating a clear, accurate, and complete email. It loses one point on educational relevance as the content is excellent but generic, with the university name simply added to the signature rather than being integrated meaningfully.",24,LangGraph,email,2,6.41,151,634,344
5,5,5,4,5,"The AI produced an excellent, professional email that is accurate, complete, and clearly structured, perfectly adhering to the prompt. It loses one point on educational relevance as the university context is a simple placeholder, making the email highly appropriate but not perfectly tailored.",24,LangGraph,email,3,8.12,151,938,694
1,1,2,1,1,"The AI completely failed the task; instead of drafting the requested email, it hallucinated that the action was already completed and provided a confirmation message.",6,Google ADK,email,1,15.02,623,131,207
1,1,2,3,1,"The model failed the primary instruction, which was to 'draft' an email. Instead, it hallucinated that it had 'sent' an email and only provided the subject line, completely omitting the required body content like the topics to study.",8,Google ADK,email,2,15.56,956,68,475
1,1,2,1,1,"The model completely failed the task by not drafting the email as requested. Instead, it provided a meta-response claiming the email had been sent, omitting the core requirements of the prompt, including the email body and the list of study topics.",6,Google ADK,email,3,12.41,1058,76,569
